name,email
Jan Novak,jan.novak1@email.cz
Petr Svoboda,petr.svoboda2@email.cz
Eva Kralova,eva.kralova3@email.cz
Martin Dvorak,martin.dvorak4@email.cz
Lucie Horakova,lucie.horakova5@email.cz
Jakub Vesely,jakub.vesely6@email.cz
Tereza Novakova,tereza.novakova7@email.cz
Adam Prochazka,adam.prochazka8@email.cz
Barbora Svobodova,barbora.svobodova9@email.cz
Ondrej Kriz,ondrej.kriz10@email.cz
Filip Marek,filip.marek11@email.cz
Veronika Cerná,veronika.cerna12@email.cz
David Holub,david.holub13@email.cz
Natálie Sedlackova,natalie.sedlackova14@email.cz
Michal Urban,michal.urban15@email.cz
Kristyna Ruzickova,kristyna.ruzickova16@email.cz
Lukas Havel,lukas.havel17@email.cz
Aneta Kolarova,aneta.kolarova18@email.cz
Tomas Blaha,tomas.blaha19@email.cz
Katerina Malych,katerina.malych20@email.cz
Jakub Fiala,jakub.fiala21@email.cz
Simona Novakova,simona.novakova22@email.cz
Radek Vacek,radek.vacek23@email.cz
Eliška Pospisilova,eliska.pospisilova24@email.cz
Pavel Dolezal,pavel.dolezal25@email.cz
Lenka Kucerova,lenka.kucerova26@email.cz
Martin Tichy,martin.tichy27@email.cz
Petra Urbanova,petra.urbanova28@email.cz
David Novak,david.novak29@email.cz
Monika Kralikova,monika.kralikova30@email.cz
Jan Dvorak,jan.dvorak31@email.cz
Eva Svobodova,eva.svobodova32@email.cz
Petr Novak,petr.novak33@email.cz
Lucie Vesela,lucie.vesela34@email.cz
Jakub Urban,jakub.urban35@email.cz
Tereza Horakova,tereza.horakova36@email.cz
Martin Svoboda,martin.svoboda37@email.cz
Barbora Novakova,barbora.novakova38@email.cz
Ondrej Havel,ondrej.havel39@email.cz
Filip Kriz,filip.kriz40@email.cz
Veronika Marek,veronika.marek41@email.cz
David Vesely,david.vesely42@email.cz
Natálie Novakova,natalie.novakova43@email.cz
Michal Svoboda,michal.svoboda44@email.cz
Kristyna Urbanova,kristyna.urbanova45@email.cz
Lukas Novak,lukas.novak46@email.cz
Aneta Vesela,aneta.vesela47@email.cz
Tomas Urban,tomas.urban48@email.cz
Katerina Svobodova,katerina.svobodova49@email.cz
Jakub Novak,jakub.novak50@email.cz
Simona Vesela,simona.vesela51@email.cz
Radek Urban,radek.urban52@email.cz
Eliška Novakova,eliska.novakova53@email.cz
Pavel Svoboda,pavel.svoboda54@email.cz
Lenka Novakova,lenka.novakova55@email.cz
Martin Urban,martin.urban56@email.cz
Petra Vesela,petra.vesela57@email.cz
David Urban,david.urban58@email.cz
Monika Svobodova,monika.svobodova59@email.cz
Jan Vesely,jan.vesely60@email.cz
Eva Urbanova,eva.urbanova61@email.cz
Petr Kriz,petr.kriz62@email.cz
Lucie Marek,lucie.marek63@email.cz
Jakub Dvorak,jakub.dvorak64@email.cz
Tereza Svoboda,tereza.svoboda65@email.cz
Martin Novak,martin.novak66@email.cz
Barbora Urbanova,barbora.urbanova67@email.cz
Ondrej Vesely,ondrej.vesely68@email.cz
Filip Svoboda,filip.svoboda69@email.cz
Veronika Novakova,veronika.novakova70@email.cz
David Urbanec,david.urbanec71@email.cz
Natálie Krizova,natalie.krizova72@email.cz
Michal Novak,michal.novak73@email.cz
Kristyna Vesela,kristyna.vesela74@email.cz
Lukas Svoboda,lukas.svoboda75@email.cz
Aneta Novakova,aneta.novakova76@email.cz
Tomas Vesely,tomas.vesely77@email.cz
Katerina Urbanova,katerina.urbanova78@email.cz
Jakub Svoboda,jakub.svoboda79@email.cz
Simona Novakova,simona.novakova80@email.cz
Radek Svoboda,radek.svoboda81@email.cz
Eliška Vesela,eliska.vesela82@email.cz
Pavel Novak,pavel.novak83@email.cz
Lenka Urbanova,lenka.urbanova84@email.cz
Martin Svoboda,martin.svoboda85@email.cz
Petra Novakova,petra.novakova86@email.cz
David Vesely,david.vesely87@email.cz
Monika Urbanova,monika.urbanova88@email.cz
Jan Svoboda,jan.svoboda89@email.cz
Eva Novakova,eva.novakova90@email.cz
Petr Urban,petr.urban91@email.cz
Lucie Svobodova,lucie.svobodova92@email.cz
Jakub Vesely,jakub.vesely93@email.cz
Tereza Novakova,tereza.novakova94@email.cz
Martin Urban,martin.urban95@email.cz
Barbora Svobodova,barbora.svobodova96@email.cz
Ondrej Novak,ondrej.novak97@email.cz
Filip Vesely,filip.vesely98@email.cz
Veronika Urbanova,veronika.urbanova99@email.cz
David Novak,david.novak100@email.cz